,name,platform,score,total_reviews,main_story,main_extra,avg_playthrough,normalized_score,normalized_reviews,normalized_time,playability_score
172,Super Mario Odyssey,switch,97,113,12.65,26.87,19.76,1.0,0.9338842975206612,0.022421295692183752,78.46
184,The Last Of Us Part II,playstation-4,93,121,0.0,0.0,0.0,0.9587628865979382,1.0,0.0,77.94
53,God Of War,playstation-4,94,118,0.0,0.0,0.0,0.9690721649484536,0.9752066115702479,0.0,77.71
187,The Legend of Zelda Breath of the Wild,switch,97,109,0.0,0.0,0.0,1.0,0.9008264462809917,0.0,77.02
207,Uncharted 4: A Thief's End,playstation-4,93,113,15.11,17.58,16.345,0.9587628865979382,0.9338842975206612,0.018546360227163126,76.33
203,Uncharted 2: Among Thieves,playstation-3,96,105,10.53,12.32,11.425,0.9896907216494846,0.8677685950413223,0.012963729923238835,75.78
234,Dota 2,pc,90,33,691.77,1070.84,881.305,0.9278350515463918,0.2727272727272727,1.0,74.57
3,Animal Crossing New Horizons,switch,90,111,0.0,0.0,0.0,0.9278350515463918,0.9173553719008265,0.0,73.91
183,The Last Of Us,playstation-3,95,98,0.0,0.0,0.0,0.979381443298969,0.8099173553719008,0.0,73.27
9,BloodBorne,playstation-4,92,100,0.0,0.0,0.0,0.9484536082474226,0.8264462809917356,0.0,72.22
205,Uncharted 3: Drake's Deception,playstation-3,92,97,9.1,10.66,9.879999999999999,0.9484536082474226,0.8016528925619835,0.011210647846091874,71.7
171,Super Mario Maker 2,switch,88,98,7.4,14.08,10.74,0.9072164948453608,0.8099173553719008,0.012186473468322545,69.9
139,Resident Evil 4,gamecube,96,82,0.0,0.0,0.0,0.9896907216494846,0.6776859504132231,0.0,69.82
195,The Legend of Zelda The Wind Waker,gamecube,96,80,0.0,0.0,0.0,0.9896907216494846,0.6611570247933884,0.0,69.32
194,The Legend of Zelda The Wind Waker,gamecube,96,80,0.0,0.0,0.0,0.9896907216494846,0.6611570247933884,0.0,69.32
208,Uncharted: The Lost Legacy,playstation-4,84,104,7.15,8.69,7.92,0.865979381443299,0.859504132231405,0.008986673172170815,69.26
169,Super Mario Galaxy,wii,97,73,13.85,22.04,17.945,1.0,0.6033057851239669,0.020361849756894607,68.51
193,The Legend of Zelda Skyward Sword,wii,93,81,0.0,0.0,0.0,0.9587628865979382,0.6694214876033058,0.0,68.02
173,Super Smash Bros Brawl,wii,93,81,0.0,0.0,0.0,0.9587628865979382,0.6694214876033058,0.0,68.02
196,The Legend of Zelda Twilight Princess,wii,95,73,0.0,0.0,0.0,0.979381443298969,0.6033057851239669,0.0,67.07
102,Ni no Kuni: Wrath of the White Witch,playstation-3,85,89,44.32,56.41,50.364999999999995,0.8762886597938144,0.7355371900826446,0.05714820635307867,67.02
6,Bayonetta 2,wii-u,91,80,9.1,12.51,10.805,0.9381443298969072,0.6611570247933884,0.012260227730467886,66.99
215,Xenoblade Chronicles X,wii-u,84,87,67.98,109.1,88.53999999999999,0.865979381443299,0.71900826446281,0.10046465185151565,66.88
19,Demon's Souls,playstation-3,89,81,28.99,42.31,35.65,0.9175257731958762,0.6694214876033058,0.04045137608432949,66.77
126,Pokemon Sun,3ds,87,87,0.0,0.0,0.0,0.8969072164948454,0.71900826446281,0.0,66.42
21,Detroit: Become Human,playstation-4,78,104,11.99,15.51,13.75,0.8041237113402062,0.859504132231405,0.015601863146129888,66.3
191,The Legend of Zelda Majora's Mask 3D,3ds,89,82,0.0,0.0,0.0,0.9175257731958762,0.6776859504132231,0.0,66.21
82,Mario Kart 8,wii-u,88,82,5.74,18.66,12.2,0.9072164948453608,0.6776859504132231,0.013843107664202518,65.97
76,Kingdom Hearts III,playstation-4,83,88,28.82,39.74,34.28,0.8556701030927835,0.7272727272727273,0.038896863174496914,65.38
199,The Witness,playstation-4,87,82,0.0,4.03,2.015,0.8969072164948454,0.6776859504132231,0.00228638212650558,65.22
63,inFamous 2,playstation-3,83,90,0.0,0.0,0.0,0.8556701030927835,0.743801652892562,0.0,65.1
101,New Super Mario Bros wii,wii,87,80,0.0,0.0,0.0,0.8969072164948454,0.6611570247933884,0.0,64.68
519,Dragon Age: Origins,pc,91,67,40.35,58.42,49.385000000000005,0.9381443298969072,0.5537190082644629,0.056036219016118154,64.64
50,Final Fantasy XIII,playstation-3,83,83,48.1,61.46,54.78,0.8556701030927835,0.6859504132231405,0.06215782277418148,64.61
515,Total War: Warhammer,pc,86,77,34.54,64.18,49.36,0.8865979381443299,0.6363636363636364,0.05600785199221609,64.54
93,Metroid Samus Returns,3ds,85,83,0.0,0.0,0.0,0.8762886597938144,0.6859504132231405,0.0,64.39
57,Grand Theft Auto Vice City,playstation-2,95,62,0.0,0.0,0.0,0.979381443298969,0.512396694214876,0.0,64.34
8,Batman Arkham Asylum,playstation-3,91,70,0.0,0.0,0.0,0.9381443298969072,0.5785123966942148,0.0,64.26
20,Destiny,playstation-4,76,95,11.76,57.92,34.84,0.7835051546391752,0.7851239669421488,0.03953228450990293,63.52
56,Grand Theft Auto V,playstation-3,97,50,31.68,48.64,40.16,1.0,0.4132231404958678,0.04556878719626009,63.31
127,Pokemon Sword,switch,80,87,0.0,0.0,0.0,0.8247422680412371,0.71900826446281,0.0,62.81
521,Mass Effect 2,pc,94,55,24.42,35.47,29.945,0.9690721649484536,0.45454545454545453,0.03397802122988069,62.77
129,Pokemon X,3ds,87,71,0.0,0.0,0.0,0.8969072164948454,0.5867768595041323,0.0,62.45
81,Mario Kart 7,3ds,85,73,7.88,17.83,12.854999999999999,0.8762886597938144,0.6033057851239669,0.01458632369043634,62.21
212,World Of Warcraft,pc,93,57,0.0,0.0,0.0,0.9587628865979382,0.47107438016528924,0.0,62.07
99,New Super Mario Bros,ds,89,65,0.0,0.0,0.0,0.9175257731958762,0.5371900826446281,0.0,61.99
461,Total War: WARHAMMER II,pc,87,69,0.0,0.0,0.0,0.8969072164948454,0.5702479338842975,0.0,61.95
209,Uncharted: Drake's Fortune,playstation-3,88,66,8.11,9.66,8.885,0.9072164948453608,0.5454545454545454,0.010081640294790114,61.93
211,Watch Dogs,playstation-4,80,80,19.38,33.24,26.310000000000002,0.8247422680412371,0.6611570247933884,0.02985345595452199,61.67
285,Team Fortress 2,pc,92,17,311.96,570.63,441.29499999999996,0.9484536082474226,0.14049586776859505,0.5007290325142828,61.65
140,Resident Evil Revelations,3ds,82,78,0.0,0.0,0.0,0.845360824742268,0.6446280991735537,0.0,61.61
75,Kingdom Hearts II,playstation-2,87,64,32.06,42.45,37.255,0.8969072164948454,0.5289256198347108,0.042272539018841385,61.56
38,Fallout 3,playstation-3,90,57,22.32,52.91,37.614999999999995,0.9278350515463918,0.47107438016528924,0.042681024163030955,61.38
24,Dishonored 2,playstation-4,88,62,12.43,22.68,17.555,0.9072164948453608,0.512396694214876,0.01991932418402256,61.13
182,The Elder Scrolls V: Skyrim,switch,84,63,33.81,108.87,71.34,0.865979381443299,0.5206611570247934,0.08094813940690228,60.54
312,Frostpunk,pc,84,67,10.32,23.05,16.685000000000002,0.865979381443299,0.5537190082644629,0.01893215175223107,60.29
253,Left 4 Dead 2,pc,89,55,9.75,24.88,17.314999999999998,0.9175257731958762,0.45454545454545453,0.019647000754562834,59.91
98,Moss,playstation-4,85,64,4.0,4.66,4.33,0.8762886597938144,0.5289256198347108,0.004913168539835812,59.78
457,Battlefield 1,pc,88,54,6.7,9.45,8.075,0.9072164948453608,0.4462809917355372,0.009162548720363551,58.93
421,Football Manager 2021,pc,85,32,117.54,500.0,308.77,0.8762886597938144,0.2644628099173554,0.3503554388094927,58.76
66,Journey,playstation-4,92,45,2.01,2.49,2.25,0.9484536082474226,0.371900826446281,0.0025530321511848908,58.63
152,Star Wars Jedi: Fallen Order,playstation-4,79,70,17.15,21.9,19.525,0.8144329896907216,0.5785123966942148,0.022154645667504438,58.52
92,Metroid Fusion,game-boy-advance,92,44,4.92,5.89,5.404999999999999,0.9484536082474226,0.36363636363636365,0.006132950567624148,58.45
22,Deus Ex Human Revolution,playstation-3,89,50,0.0,0.0,0.0,0.9175257731958762,0.4132231404958678,0.0,58.27
0,Abzu,playstation-4,78,72,0.0,0.0,0.0,0.8041237113402062,0.5950413223140496,0.0,58.06
406,Football Manager 2020,pc,84,35,253.14,280.74,266.94,0.865979381443299,0.2892561983471074,0.3028917344165754,58.03
382,Europa Universalis IV,pc,87,34,93.95,320.49,207.22,0.8969072164948454,0.2809917355371901,0.23512858771934803,57.98
150,Star Fox 64 3D,3ds,81,65,1.76,5.38,3.57,0.8350515463917526,0.5371900826446281,0.00405081101321336,57.95
23,Deus Ex Mankind Divided,playstation-4,84,59,0.0,0.0,0.0,0.865979381443299,0.48760330578512395,0.0,57.93
313,Ghostrunner,pc,81,64,6.88,8.68,7.779999999999999,0.8350515463917526,0.5289256198347108,0.00882781783831931,57.8
130,Prey,playstation-4,79,68,7.18,8.54,7.859999999999999,0.8144329896907216,0.5619834710743802,0.008918592314805884,57.76
507,Two Point Hospital,pc,83,55,38.47,74.49,56.48,0.8556701030927835,0.45454545454545453,0.06408678039952116,57.7
35,Eternal Darkness Sanity's Requiem,gamecube,92,41,0.0,0.0,0.0,0.9484536082474226,0.33884297520661155,0.0,57.59
143,Rez Infinite,playstation-4,89,47,2.04,2.69,2.365,0.9175257731958762,0.3884297520661157,0.002683520461134341,57.58
100,New Super Mario Bros 2,3ds,78,70,0.0,0.0,0.0,0.8041237113402062,0.5785123966942148,0.0,57.56
326,Torchlight,pc,83,57,14.23,21.43,17.83,0.8556701030927835,0.47107438016528924,0.020231361446945154,57.32
164,Super Mario 64 ds,ds,85,54,0.0,0.0,0.0,0.8762886597938144,0.4462809917355372,0.0,57.2
11,Bulletstorm,playstation-3,83,57,7.47,9.2,8.334999999999999,0.8556701030927835,0.47107438016528924,0.009457565768944916,57.1
95,Mirrors Edge,playstation-3,79,66,0.0,0.0,0.0,0.8144329896907216,0.5454545454545454,0.0,57.09
128,Pokemon Ultra Moon,3ds,84,55,0.0,0.0,0.0,0.865979381443299,0.45454545454545453,0.0,56.94
423,Dragon Age: Inquisition,pc,85,45,46.55,87.43,66.99000000000001,0.8762886597938144,0.371900826446281,0.07601227724794482,56.49
186,The Legend of Zelda A Link to the Past,game-boy-advance,95,30,0.0,0.0,0.0,0.979381443298969,0.24793388429752067,0.0,56.41
39,Fallout New Vegas,playstation-3,82,57,0.0,0.0,0.0,0.845360824742268,0.47107438016528924,0.0,56.4
74,Kingdom Hearts HD 2.8 -Final Chapter Prologue-,playstation-4,76,69,0.0,0.0,0.0,0.7835051546391752,0.5702479338842975,0.0,56.28
135,Professor Layton and the Miracle Mask,3ds,82,54,17.71,24.51,21.11,0.845360824742268,0.4462809917355372,0.023953114982894687,56.14
71,Kingdom Hearts -HD 2.5 ReMIX-,playstation-3,81,58,0.0,0.0,0.0,0.8350515463917526,0.4793388429752066,0.0,56.13
282,STAR WARS: Knights of the Old Republic,pc,93,33,0.0,0.0,0.0,0.9587628865979382,0.2727272727272727,0.0,56.12
69,Kingdom Hearts,playstation-2,85,46,28.44,41.23,34.835,0.8762886597938144,0.38016528925619836,0.03952661110512252,56.01
525,The Sims 4,pc,70,75,18.16,68.4,43.28,0.7216494845360825,0.6198347107438017,0.04910899177923648,55.66
256,Machinarium,pc,85,47,5.11,5.35,5.23,0.8762886597938144,0.3884297520661157,0.005934381400309769,55.59
18,Dark Souls Remastered,switch,83,51,0.0,0.0,0.0,0.8556701030927835,0.4214876033057851,0.0,55.43
409,Subnautica,pc,87,39,29.48,43.66,36.57,0.8969072164948454,0.32231404958677684,0.04149528256392509,55.34
502,Stellaris,pc,78,57,28.21,58.33,43.269999999999996,0.8041237113402062,0.47107438016528924,0.04909764496967565,55.32
305,Stellaris,pc,78,57,28.21,58.33,43.269999999999996,0.8041237113402062,0.47107438016528924,0.04909764496967565,55.32
112,Pokemon Alpha Sapphire,3ds,82,52,0.0,0.0,0.0,0.845360824742268,0.4297520661157025,0.0,55.16
179,The Elder Scrolls Online,pc,71,64,41.27,195.14,118.205,0.7319587628865979,0.5289256198347108,0.13412496241369334,55.15
113,Pokemon Black Version 2,ds,80,56,0.0,0.0,0.0,0.8247422680412371,0.4628099173553719,0.0,55.12
144,Ring Fit Adventure,switch,83,45,34.66,61.9,48.28,0.8556701030927835,0.371900826446281,0.054782396559647346,55.04
286,The Elder Scrolls III: Morrowind,pc,89,30,43.89,106.79,75.34,0.9175257731958762,0.24793388429752067,0.08548686323123096,55.02
230,Darwinia,pc,84,46,10.08,15.09,12.585,0.865979381443299,0.38016528925619836,0.014279959832294157,54.99
448,Battlefield V,pc,81,52,6.16,8.89,7.525,0.8350515463917526,0.4297520661157025,0.008538474194518357,54.82
466,Football Manager 2022,pc,85,40,49.22,0.0,24.61,0.8762886597938144,0.3305785123966942,0.02792449832918229,54.29
116,Pokemon Diamond Version,ds,85,42,0.0,0.0,0.0,0.8762886597938144,0.34710743801652894,0.0,54.23
121,Pokemon Platinum Version,ds,83,46,0.0,0.0,0.0,0.8556701030927835,0.38016528925619836,0.0,54.19
26,Dishonored: Death of the Outsider,playstation-4,82,47,6.4,11.83,9.115,0.845360824742268,0.3884297520661157,0.010342616914689013,54.13
132,Prince of Persia The Sands of Time,pc,89,32,0.0,0.0,0.0,0.9175257731958762,0.2644628099173554,0.0,53.81
291,Trine,pc,80,50,6.14,8.43,7.285,0.8247422680412371,0.4132231404958678,0.008266150765058636,53.8
231,Day of the Tentacle Remastered,pc,86,37,0.0,0.0,0.0,0.8865979381443299,0.30578512396694213,0.0,53.5
120,Pokemon Pearl Version,ds,85,39,0.0,0.0,0.0,0.8762886597938144,0.32231404958677684,0.0,53.48
200,Thumper,playstation-4,84,40,7.78,14.72,11.25,0.865979381443299,0.3305785123966942,0.012765160755924454,53.47
268,Portal,pc,90,27,3.13,5.19,4.16,0.9278350515463918,0.2231404958677686,0.004720272777301843,53.18
295,World of Goo,pc,90,26,5.99,7.95,6.970000000000001,0.9278350515463918,0.21487603305785125,0.007908726263892751,53.0
242,Grim Fandango Remastered,pc,84,38,0.0,0.0,0.0,0.865979381443299,0.3140495867768595,0.0,52.72
188,The Legend of Zelda Breath of the Wild,wii-u,96,13,0.0,0.0,0.0,0.9896907216494846,0.10743801652892562,0.0,52.71
332,STAR WARS: Squadrons,pc,79,48,0.0,0.0,0.0,0.8144329896907216,0.39669421487603307,0.0,52.62
430,STAR WARS: Squadrons,pc,79,48,0.0,0.0,0.0,0.8144329896907216,0.39669421487603307,0.0,52.62
266,Path of Exile,pc,86,27,27.8,110.01,68.905,0.8865979381443299,0.2231404958677686,0.07818519127884217,52.59
495,Escape from Monkey Island,pc,86,32,10.37,10.48,10.425,0.8865979381443299,0.2644628099173554,0.011829048967156662,52.5
431,Alien: Isolation,pc,81,41,18.54,22.62,20.58,0.8350515463917526,0.33884297520661155,0.02335173407617113,52.38
449,Apex Legends,pc,88,25,32.13,39.28,35.705,0.9072164948453608,0.2066115702479339,0.04051378353691401,52.37
398,Control,pc,85,33,11.59,18.65,15.12,0.8762886597938144,0.2727272727272727,0.017156376055962465,52.34
269,Psychonauts,pc,87,29,11.99,15.26,13.625,0.8969072164948454,0.2396694214876033,0.015460028026619617,52.34
369,Prison Architect,pc,83,36,16.24,39.21,27.725,0.8556701030927835,0.2975206611570248,0.031459029507378264,52.34
472,StarCraft: Remastered,pc,85,30,23.89,46.37,35.129999999999995,0.8762886597938144,0.24793388429752067,0.03986134198716675,52.05
496,Dead Space 2,pc,87,28,9.11,11.51,10.309999999999999,0.8969072164948454,0.23140495867768596,0.011698560657207209,52.02
163,Super Mario 64,nintendo-64,94,13,11.96,17.25,14.605,0.9690721649484536,0.10743801652892562,0.016572015363580148,52.01
85,Mass Effect 3 Special Edition,wii-u,85,33,0.0,0.0,0.0,0.8762886597938144,0.2727272727272727,0.0,52.0
260,Metro 2033,pc,81,40,9.5,11.76,10.629999999999999,0.8350515463917526,0.3305785123966942,0.012061658563153504,51.91
522,Medal of Honor Pacific Assault,pc,80,43,0.0,0.0,0.0,0.8247422680412371,0.35537190082644626,0.0,51.9
88,Medal of Honor Pacific Assault,pc,80,43,0.0,0.0,0.0,0.8247422680412371,0.35537190082644626,0.0,51.9
366,Prey,pc,82,38,7.18,8.54,7.859999999999999,0.845360824742268,0.3140495867768595,0.008918592314805884,51.87
70,Kingdom Hearts -HD 1.5 ReMIX-,playstation-3,77,49,0.0,0.0,0.0,0.7938144329896907,0.4049586776859504,0.0,51.84
324,The Witcher: Enhanced Edition,pc,86,30,0.0,0.0,0.0,0.8865979381443299,0.24793388429752067,0.0,51.77
181,The Elder Scrolls V Skyrim Special Edition,playstation-4,81,40,0.0,0.0,0.0,0.8350515463917526,0.3305785123966942,0.0,51.67
467,Assassin's Creed Origins,pc,84,29,29.95,52.08,41.015,0.865979381443299,0.2396694214876033,0.04653893941371035,51.42
34,Enter the Gungeon,playstation-4,82,33,22.16,59.9,41.03,0.845360824742268,0.2727272727272727,0.046555959628051584,51.38
516,Burnout Paradise: The Ultimate Box,pc,87,26,0.0,0.0,0.0,0.8969072164948454,0.21487603305785125,0.0,51.29
133,Prince Of Persia The Two Thrones,pc,85,29,0.0,0.0,0.0,0.8762886597938144,0.2396694214876033,0.0,51.0
131,Prince of Persia The Forgotten Sands,playstation-3,75,49,0.0,0.0,0.0,0.7731958762886598,0.4049586776859504,0.0,50.81
322,Baldur's Gate: Enhanced Edition,pc,78,39,29.96,52.02,40.99,0.8041237113402062,0.32231404958677684,0.046510572389808304,50.81
17,Colin McRae Rally 3,playstation-2,86,25,8.51,10.34,9.425,0.8865979381443299,0.2066115702479339,0.010694368011074488,50.74
107,Paper Beast,playstation-4,79,38,3.15,3.67,3.41,0.8144329896907216,0.3140495867768595,0.003869262060240212,50.22
389,A Plague Tale: Innocence,pc,81,33,10.71,12.52,11.615,0.8350515463917526,0.2727272727272727,0.013179319304894447,50.2
177,Tekken Tag Tournament,playstation-2,85,25,1.96,9.85,5.904999999999999,0.8762886597938144,0.2066115702479339,0.006700291045665234,50.15
134,Prince of Persia Warrior Within,pc,83,29,0.0,0.0,0.0,0.8556701030927835,0.2396694214876033,0.0,49.97
155,Stardew Valley,switch,87,14,52.28,89.13,70.705,0.8969072164948454,0.11570247933884298,0.08022761699979009,49.92
514,STAR WARS Jedi: Fallen Order,pc,81,32,0.0,0.0,0.0,0.8350515463917526,0.2644628099173554,0.0,49.69
46,Final Fantasy VII,switch,81,27,36.5,50.42,43.46,0.8350515463917526,0.2231404958677686,0.04931323435133127,49.43
258,Magicka,pc,74,44,10.43,15.31,12.870000000000001,0.7628865979381443,0.36363636363636365,0.014603343904777575,49.35
237,Fallout,pc,89,12,16.09,23.11,19.6,0.9175257731958762,0.09917355371900827,0.022239746739210604,49.3
224,Braid,pc,90,11,5.07,6.0,5.535,0.9278350515463918,0.09090909090909091,0.006280459091914831,49.24
25,Dishonored Definitive Edition,playstation-4,80,32,0.0,0.0,0.0,0.8247422680412371,0.2644628099173554,0.0,49.17
518,Bejeweled 3,pc,82,27,4.23,11.27,7.75,0.845360824742268,0.2231404958677686,0.008793777409636846,49.14
5,Bayonetta,wii-u,86,18,11.41,15.53,13.469999999999999,0.8865979381443299,0.1487603305785124,0.015284152478426878,49.1
318,Syberia,pc,82,26,9.65,11.7,10.675,0.845360824742268,0.21487603305785125,0.012112719206177205,48.96
290,Tomb Raider,pc,86,18,12.58,0.0,6.29,0.8865979381443299,0.1487603305785124,0.007137143213756873,48.94
386,Void Bastards,pc,81,27,8.46,13.35,10.905000000000001,0.8350515463917526,0.2231404958677686,0.012373695826076106,48.69
73,Kingdom Hearts Chain of Memories,game-boy-advance,76,37,0.0,0.0,0.0,0.7835051546391752,0.30578512396694213,0.0,48.35
501,The Curse of Monkey Island,pc,89,9,7.9,9.29,8.594999999999999,0.9175257731958762,0.0743801652892562,0.009752582817526282,48.3
408,Magic The Gathering Arena,pc,84,20,0.0,0.0,0.0,0.865979381443299,0.1652892561983471,0.0,48.26
96,Mirrors Edge Catalyst,playstation-4,69,50,0.0,0.0,0.0,0.711340206185567,0.4132231404958678,0.0,47.96
284,Super Meat Boy,pc,87,11,9.84,18.35,14.095,0.8969072164948454,0.09090909090909091,0.01599332807597824,47.89
392,Offworld Trading Company,pc,78,29,7.42,31.77,19.595,0.8041237113402062,0.2396694214876033,0.022234073334430192,47.84
347,Fall Guys,pc,80,25,6.89,27.04,16.965,0.8247422680412371,0.2066115702479339,0.019249862419934077,47.82
356,Wolfenstein: The New Order,pc,81,23,11.46,15.34,13.4,0.8350515463917526,0.19008264462809918,0.015204724811501128,47.76
403,Metro: 2033 Redux,pc,90,5,0.0,0.0,0.0,0.9278350515463918,0.04132231404958678,0.0,47.63
393,Obduction,pc,76,31,11.92,15.47,13.695,0.7835051546391752,0.256198347107438,0.01553945569354537,47.17
319,Syberia II,pc,80,23,7.46,9.75,8.605,0.8247422680412371,0.19008264462809918,0.009763929627087106,47.13
265,Osmos,pc,80,22,5.83,8.24,7.035,0.8247422680412371,0.18181818181818182,0.007982480526038092,46.85
372,Dead by Daylight,pc,71,16,63.56,488.97,276.265,0.7319587628865979,0.1322314049586777,0.3134726343320417,46.83
114,Pokemon Colosseum,gamecube,73,37,0.0,0.0,0.0,0.7525773195876289,0.30578512396694213,0.0,46.8
473,Fell Seal: Arbiter's Mark,pc,82,14,36.89,51.63,44.260000000000005,0.845360824742268,0.11570247933884298,0.05022097911619701,46.74
80,Mario Kart 64,nintendo-64,83,15,4.81,10.8,7.805,0.8556701030927835,0.12396694214876033,0.008856184862221365,46.68
338,Gloomhaven,pc,82,13,0.0,98.14,49.07,0.845360824742268,0.10743801652892562,0.055678794514952265,46.6
160,Subnautica,playstation-4,80,18,29.48,43.66,36.57,0.8247422680412371,0.1487603305785124,0.04149528256392509,46.53
368,Vampyr,pc,72,35,16.83,28.73,22.78,0.7422680412371134,0.2892561983471074,0.02584803217955192,46.31
387,Rebel Galaxy,pc,75,28,21.71,31.25,26.48,0.7731958762886598,0.23140495867768596,0.03004635171705596,46.2
12,Call of Duty 3,wii,69,42,8.11,10.33,9.219999999999999,0.711340206185567,0.34710743801652894,0.01046175841507764,46.19
117,Pokemon Emerald Version,game-boy-advance,76,28,0.0,0.0,0.0,0.7835051546391752,0.23140495867768596,0.0,46.12
138,Red Steel,wii,63,54,7.95,8.23,8.09,0.6494845360824743,0.4462809917355372,0.009179568934704785,46.05
388,Minit,pc,79,21,1.64,2.16,1.9,0.8144329896907216,0.17355371900826447,0.00215589381655613,45.97
276,Shadowgrounds: Survivor,pc,79,21,0.0,0.0,0.0,0.8144329896907216,0.17355371900826447,0.0,45.93
419,Journey to the Savage Planet,pc,76,26,7.13,10.98,9.055,0.7835051546391752,0.21487603305785125,0.010274536057324082,45.83
311,Journey to the Savage Planet,pc,76,26,7.13,10.98,9.055,0.7835051546391752,0.21487603305785125,0.010274536057324082,45.83
275,Shadowgrounds,pc,74,30,6.14,6.93,6.535,0.7628865979381443,0.24793388429752067,0.007415140047997005,45.73
218,AI War: Fleet Command,pc,80,8,23.64,186.0,104.82,0.8247422680412371,0.06611570247933884,0.11893725781653343,45.6
294,VVVVVV,pc,81,15,2.4,3.42,2.91,0.8350515463917526,0.12396694214876033,0.0033019215821991255,45.54
238,Full Throttle Remastered,pc,77,23,4.0,4.38,4.1899999999999995,0.7938144329896907,0.19008264462809918,0.004754313205984307,45.49
480,The Darkside Detective: A Fumble in the Dark,pc,84,8,7.67,9.62,8.645,0.865979381443299,0.06611570247933884,0.009809316865330391,45.48
375,Guild of Dungeoneering,pc,72,32,11.47,17.22,14.344999999999999,0.7422680412371134,0.2644628099173554,0.01627699831499878,45.37
248,Icewind Dale: Enhanced Edition,pc,80,13,31.91,41.25,36.58,0.8247422680412371,0.10743801652892562,0.04150662937348591,45.29
87,Medal of Honor Frontline,gamecube,80,16,0.0,0.0,0.0,0.8247422680412371,0.1322314049586777,0.0,45.2
401,Ken Follett's The Pillars of the Earth,pc,78,20,0.0,0.0,0.0,0.8041237113402062,0.1652892561983471,0.0,45.16
355,Supraland,pc,85,4,12.97,17.04,15.004999999999999,0.8762886597938144,0.03305785123966942,0.017025887746013015,45.15
485,Giana Sisters: Twisted Dreams,pc,77,21,7.33,12.83,10.08,0.7938144329896907,0.17355371900826447,0.01143758403730831,45.13
334,Dark Deity,pc,80,13,23.37,31.96,27.665,0.8247422680412371,0.10743801652892562,0.03139094865001334,45.09
475,Suzerain,pc,81,12,10.04,15.88,12.96,0.8350515463917526,0.09917355371900827,0.014705465190824971,45.02
267,Penumbra: Overture,pc,73,28,5.66,6.13,5.895,0.7525773195876289,0.23140495867768596,0.006688944236104413,44.7
105,Overcooked Special Edition,switch,77,20,0.0,0.0,0.0,0.7938144329896907,0.1652892561983471,0.0,44.65
259,MASSIVE CHALICE,pc,73,28,0.0,0.0,0.0,0.7525773195876289,0.23140495867768596,0.0,44.57
229,Crayon Physics Deluxe,pc,79,15,4.0,5.23,4.615,0.8144329896907216,0.12396694214876033,0.005236552612319232,44.55
363,Salt and Sanctuary,pc,84,5,0.0,0.0,0.0,0.865979381443299,0.04132231404958678,0.0,44.54
247,Headlander,pc,74,25,5.51,7.35,6.43,0.7628865979381443,0.2066115702479339,0.007295998547608376,44.49
395,Sonic Mania,pc,84,4,5.6,8.98,7.29,0.865979381443299,0.03305785123966942,0.008271824169839046,44.46
288,The Long Dark,pc,77,16,20.54,49.23,34.885,0.7938144329896907,0.1322314049586777,0.03958334515292663,44.45
221,Aquaria,pc,82,7,16.13,20.46,18.295,0.845360824742268,0.05785123966942149,0.020758988091523368,44.42
458,Horace,pc,81,9,13.92,17.3,15.61,0.8350515463917526,0.0743801652892562,0.01771236972444273,44.34
47,Final Fantasy VIII Remastered,switch,80,12,0.0,0.0,0.0,0.8247422680412371,0.09917355371900827,0.0,44.21
240,Gish,pc,80,11,4.47,6.95,5.71,0.8247422680412371,0.09090909090909091,0.006479028259229211,44.09
225,Broken Age,pc,76,19,0.0,0.0,0.0,0.7835051546391752,0.15702479338842976,0.0,43.89
337,ARK: Survival Evolved,pc,70,18,53.18,237.78,145.48,0.7216494845360825,0.1487603305785124,0.1650733854908346,43.85
273,Revenge of the Titans,pc,79,11,10.25,14.35,12.3,0.8144329896907216,0.09090909090909091,0.013956575759810737,43.73
333,Evil Dead: The Game,pc,76,18,5.44,0.0,2.72,0.7835051546391752,0.1487603305785124,0.0030863322005435126,43.7
281,Stacking,pc,80,9,4.0,6.03,5.015000000000001,0.8247422680412371,0.0743801652892562,0.005690424994752101,43.58
365,Mages of Mystralia,pc,74,21,8.26,10.51,9.385,0.7628865979381443,0.17355371900826447,0.010648980772831199,43.56
397,Overcooked! 2,pc,81,7,0.0,0.0,0.0,0.8350515463917526,0.05785123966942149,0.0,43.49
357,BioShock: The Collection,pc,80,9,0.0,0.0,0.0,0.8247422680412371,0.0743801652892562,0.0,43.47
513,World War Z: Aftermath,pc,81,6,7.08,12.94,10.01,0.8350515463917526,0.049586776859504134,0.011358156370382557,43.47
123,Pokemon Snap,nintendo-64,77,15,0.0,0.0,0.0,0.7938144329896907,0.12396694214876033,0.0,43.41
499,Cat Quest,pc,79,10,5.73,8.18,6.955,0.8144329896907216,0.08264462809917356,0.007891706049551517,43.36
425,Rogue Heroes: Ruins of Tasos,pc,81,5,11.33,18.8,15.065000000000001,0.8350515463917526,0.04132231404958678,0.01709396860337795,43.33
306,Iratus: Lord of the Dead,pc,78,11,12.05,19.02,15.535,0.8041237113402062,0.09090909090909091,0.017627268652736568,43.29
350,Iratus: Lord of the Dead,pc,78,11,12.05,19.02,15.535,0.8041237113402062,0.09090909090909091,0.017627268652736568,43.29
407,Watch Dogs 2,pc,75,16,19.12,31.23,25.175,0.7731958762886598,0.1322314049586777,0.028565593069368723,43.2
462,We. The Revolution,pc,75,16,12.13,12.63,12.38,0.7731958762886598,0.1322314049586777,0.01404735023629731,42.91
364,Moving Out,pc,79,8,5.07,8.22,6.6450000000000005,0.8144329896907216,0.06611570247933884,0.007539954953166044,42.86
217,140,pc,80,6,1.16,2.21,1.685,0.8247422680412371,0.049586776859504134,0.0019119374109984627,42.76
390,Mothergunship,pc,72,22,4.57,8.78,6.675,0.7422680412371134,0.18181818181818182,0.007573995381848509,42.72
494,WRC 8 FIA World Rally Championship,pc,77,12,0.0,0.0,0.0,0.7938144329896907,0.09917355371900827,0.0,42.67
468,ScourgeBringer,pc,76,13,9.27,9.83,9.55,0.7835051546391752,0.10743801652892562,0.01083620313058476,42.62
219,Alien Swarm,pc,77,11,3.45,9.04,6.244999999999999,0.7938144329896907,0.09090909090909091,0.007086082570733174,42.56
359,Relicta,pc,74,16,13.94,19.23,16.585,0.7628865979381443,0.1322314049586777,0.018818683656622853,42.49
508,In Other Waters,pc,74,17,4.83,6.83,5.83,0.7628865979381443,0.14049586776859505,0.006615189973959073,42.49
452,Planet Alpha,pc,72,21,5.05,5.89,5.47,0.7422680412371134,0.17355371900826447,0.00620670482976949,42.44
445,Candleman: The Complete Journey,pc,76,13,0.0,0.0,0.0,0.7835051546391752,0.10743801652892562,0.0,42.4
358,DAEMON X MACHINA,pc,72,21,0.0,0.0,0.0,0.7422680412371134,0.17355371900826447,0.0,42.32
523,SteamWorld Dig,pc,76,12,5.06,6.53,5.795,0.7835051546391752,0.09917355371900827,0.0065754761404961965,42.28
444,Puzzle Agent,pc,70,24,3.36,3.61,3.485,0.7216494845360825,0.19834710743801653,0.003954363131946375,42.11
235,Escape Goat 2,pc,76,11,4.07,6.28,5.175000000000001,0.7835051546391752,0.09090909090909091,0.00587197394772525,42.02
271,RAD,pc,71,20,8.34,26.0,17.17,0.7319587628865979,0.1652892561983471,0.019482472015930924,41.95
264,NightSky,pc,78,6,2.65,3.59,3.12,0.8041237113402062,0.049586776859504134,0.003540204582976382,41.76
379,Stubbs the Zombie in Rebel Without a Pulse,pc,72,17,6.28,8.87,7.574999999999999,0.7422680412371134,0.14049586776859505,0.008595208242322464,41.5
412,Stubbs the Zombie in Rebel Without a Pulse,pc,72,17,6.28,8.87,7.574999999999999,0.7422680412371134,0.14049586776859505,0.008595208242322464,41.5
459,Hero's Hour,pc,77,7,4.88,0.0,2.44,0.7938144329896907,0.05785123966942149,0.0027686215328405037,41.48
396,Horizon Chase Turbo,pc,76,8,10.19,15.85,13.02,0.7835051546391752,0.06611570247933884,0.0147735460481899,41.45
147,Sonic Generations,3ds,66,29,5.63,10.12,7.875,0.6804123711340206,0.2396694214876033,0.008935612529147118,41.39
345,Unrailed!,pc,77,6,1.75,8.67,5.21,0.7938144329896907,0.049586776859504134,0.005911687781188125,41.3
236,Everything,pc,78,4,2.95,5.51,4.23,0.8041237113402062,0.03305785123966942,0.004799700444227595,41.29
220,And Yet It Moves,pc,75,10,3.03,4.35,3.6899999999999995,0.7731958762886598,0.08264462809917356,0.00418697272794322,41.22
243,Hack 'n' Slash,pc,73,14,4.48,4.59,4.535,0.7525773195876289,0.11570247933884298,0.005145778135832658,41.2
422,Need For Speed: Hot Pursuit Remastered,pc,74,12,0.0,0.0,0.0,0.7628865979381443,0.09917355371900827,0.0,41.12
154,Star Wars The Force Unleashed,wii,71,18,0.0,0.0,0.0,0.7319587628865979,0.1487603305785124,0.0,41.06
227,Cogs,pc,73,13,5.23,7.93,6.58,0.7525773195876289,0.10743801652892562,0.0074662006910207026,41.0
456,Secret Files: Tunguska,pc,66,26,9.09,11.52,10.305,0.6804123711340206,0.21487603305785125,0.011692887252426799,40.7
343,Ring of Pain,pc,74,9,8.34,17.24,12.79,0.7628865979381443,0.0743801652892562,0.014512569428291,40.67
335,Slain: Back From Hell,pc,74,10,0.0,0.0,0.0,0.7628865979381443,0.08264462809917356,0.0,40.62
249,Iron Brigade,pc,75,7,6.35,13.69,10.02,0.7731958762886598,0.05785123966942149,0.01136950317994338,40.62
222,Atom Zombie Smasher,pc,75,7,4.11,9.32,6.715,0.7731958762886598,0.05785123966942149,0.007619382620091796,40.55
437,Blue Fire,pc,70,15,10.88,13.16,12.02,0.7216494845360825,0.12396694214876033,0.013638865092107728,40.07
520,Syndicate,pc,69,16,12.05,12.22,12.135000000000002,0.711340206185567,0.1322314049586777,0.013769353402057179,39.81
492,Astrologaster,pc,74,6,5.91,6.14,6.025,0.7628865979381443,0.049586776859504134,0.0068364527603950965,39.77
384,Saints Row: The Third Remastered,pc,70,13,13.42,23.5,18.46,0.7216494845360825,0.10743801652892562,0.020946210449276928,39.72
418,Morkredd,pc,74,6,2.72,3.21,2.965,0.7628865979381443,0.049586776859504134,0.003364329034783645,39.7
417,Spellcaster University,pc,73,7,8.39,17.97,13.18,0.7525773195876289,0.05785123966942149,0.014955095001163049,39.66
287,The Elder Scrolls V: Skyrim Special Edition,pc,74,6,0.0,0.0,0.0,0.7628865979381443,0.049586776859504134,0.0,39.63
304,Hellpoint,pc,64,25,15.73,20.59,18.16,0.6597938144329897,0.2066115702479339,0.020605806162452275,39.6
469,Recompile,pc,68,17,4.22,5.74,4.98,0.7010309278350515,0.14049586776859505,0.005650711161289225,39.38
348,Tannenberg,pc,69,15,7.6,0.0,3.8,0.711340206185567,0.12396694214876033,0.00431178763311226,39.37
503,Double Kick Heroes,pc,73,6,3.1,4.88,3.99,0.7525773195876289,0.049586776859504134,0.0045273770147678735,39.21
377,Aven Colony,pc,65,20,25.35,33.12,29.235,0.6701030927835051,0.1652892561983471,0.033172397751062344,39.13
383,Automachef,pc,71,6,25.93,42.28,34.105000000000004,0.7319587628865979,0.049586776859504134,0.03869829400718254,38.86
455,Metamorphosis,pc,69,13,2.67,3.33,3.0,0.711340206185567,0.10743801652892562,0.003404042868246521,38.86
505,As Far As The Eye,pc,70,10,4.22,8.1,6.16,0.7216494845360825,0.08264462809917356,0.00698963468946619,38.7
453,A Normal Lost Phone,pc,71,8,1.36,1.71,1.5350000000000001,0.7319587628865979,0.06611570247933884,0.0017417352675861367,38.62
479,Rain World,pc,66,16,24.72,29.61,27.165,0.6804123711340206,0.1322314049586777,0.030823608171972248,38.6
438,Secret Files 3,pc,67,14,5.03,5.91,5.470000000000001,0.6907216494845361,0.11570247933884298,0.0062067048297694905,38.13
451,Another Lost Phone: Laura's Story,pc,71,6,1.36,1.61,1.485,0.7319587628865979,0.049586776859504134,0.001685001219782028,38.12
498,Out of Line,pc,69,10,2.81,3.04,2.925,0.711340206185567,0.08264462809917356,0.0033189417965403577,38.11
424,Puzzle Agent 2,pc,63,22,3.17,3.65,3.41,0.6494845360824743,0.18181818181818182,0.003869262060240212,38.01
504,Ashwalkers: A Survival Journey,pc,61,26,0.0,0.0,0.0,0.6288659793814433,0.21487603305785125,0.0,37.89
346,Lawn Mowing Simulator,pc,69,7,3.4,24.5,13.95,0.711340206185567,0.05785123966942149,0.015828799337346322,37.62
484,The Crow's Eye,pc,65,16,4.42,6.5,5.46,0.6701030927835051,0.1322314049586777,0.006195358020208668,37.6
277,Shank,pc,67,11,3.1,4.56,3.83,0.6907216494845361,0.09090909090909091,0.004345828061794725,37.35
394,The Spectrum Retreat,pc,68,8,4.96,4.99,4.975,0.7010309278350515,0.06611570247933884,0.005645037756508813,37.15
399,NBA 2K21,pc,67,6,22.67,51.22,36.945,0.6907216494845361,0.049586776859504134,0.041920787922455904,36.86
447,Secret Files 2: Puritas Cordis,pc,64,14,9.1,10.69,9.895,0.6597938144329897,0.11570247933884298,0.011227668060433108,36.69
342,Submerged: Hidden Depths,pc,66,10,4.45,7.19,5.82,0.6804123711340206,0.08264462809917356,0.006603843164398251,36.63
89,Medal of Honor Vanguard,wii,56,29,0.0,0.0,0.0,0.5773195876288659,0.2396694214876033,0.0,36.06
482,Metal Unit,pc,64,6,6.68,7.25,6.965,0.6597938144329897,0.049586776859504134,0.00790305285911234,34.64
411,Youtubers Life,pc,63,5,11.64,22.4,17.02,0.6494845360824743,0.04132231404958678,0.019312269872518596,34.1
512,Fahrenheit: Indigo Prophecy Remastered,pc,61,9,0.0,0.0,0.0,0.6288659793814433,0.0743801652892562,0.0,33.67
145,Rio,ds,59,5,0.0,0.0,0.0,0.6082474226804123,0.04132231404958678,0.0,31.65
450,Lost Horizon 2,pc,58,5,5.6,6.0,5.8,0.5979381443298969,0.04132231404958678,0.006581149545276607,31.27
340,Spirit of the North,pc,58,5,5.3,6.01,5.654999999999999,0.5979381443298969,0.04132231404958678,0.006416620806644692,31.26
493,Calico,pc,57,5,2.87,6.02,4.445,0.5876288659793815,0.04132231404958678,0.005043656849785263,30.72
283,Steel Storm: Burning Retribution,pc,55,4,5.41,7.25,6.33,0.5670103092783505,0.03305785123966942,0.007182530452000159,29.49
2,Animal Crossing Amiibo Festival,wii-u,46,20,0.0,0.0,0.0,0.4742268041237113,0.1652892561983471,0.0,28.67
174,Supremacy MMA,playstation-3,47,17,0.0,0.0,0.0,0.4845360824742268,0.14049586776859505,0.0,28.44
349,Shop Titans,pc,42,5,0.0,0.0,0.0,0.4329896907216495,0.04132231404958678,0.0,22.89
146,Shrek Swamp Kart Speedway,game-boy-advance,27,5,0.0,0.0,0.0,0.27835051546391754,0.04132231404958678,0.0,15.16
296,Yu-Gi-Oh! Duel Links,pc,0,0,120.97,344.94,232.95499999999998,0.0,0.0,0.26432960212412276,5.29
111,Persona 5,playstation-3,0,0,97.48,113.15,105.315,0.0,0.0,0.11949892488979412,2.39
94,Minecraft,3ds,0,0,69.66,132.24,100.95,0.0,0.0,0.11454604251649543,2.29
353,Car Mechanic Simulator 2018,pc,0,2,29.49,104.62,67.055,0.0,0.01652892561983471,0.07608603151009016,2.02
293,Valheim,pc,0,0,70.99,94.72,82.85499999999999,0.0,0.0,0.09401399061618848,1.88
381,PC Building Simulator,pc,0,3,25.21,47.88,36.545,0.0,0.024793388429752067,0.04146691554002304,1.57
303,The Elder Scrolls II: Daggerfall,pc,0,0,32.6,88.74,60.67,0.0,0.0,0.06884109360550547,1.38
510,Abandon Ship,pc,0,3,20.25,30.57,25.41,0.0,0.024793388429752067,0.028832243094048034,1.32
48,Final Fantasy X,playstation-3,0,0,45.85,69.84,57.845,0.0,0.0,0.06563561990457334,1.31
201,Tokyo Mirage Sessions #FE,wii-u,0,0,49.03,63.11,56.07,0.0,0.0,0.06362156120752747,1.27
478,8Doors: Arum's Afterlife Adventure,pc,0,3,9.54,11.41,10.475,0.0,0.024793388429752067,0.01188578301496077,0.98
362,Rise of the Tomb Raider: 20 Year Celebration,pc,0,2,14.86,23.45,19.155,0.0,0.01652892561983471,0.021734813713754037,0.93
162,Super Mario 3D All-Stars,switch,0,0,34.78,47.58,41.18,0.0,0.0,0.04672616177146391,0.93
402,Deponia: The Complete Journey,pc,0,1,26.47,31.68,29.075,0.0,0.008264462809917356,0.032990848798089195,0.91
487,Death Squared,pc,0,3,6.0,7.52,6.76,0.0,0.024793388429752067,0.007670443263115494,0.9
442,Tools Up!,pc,0,3,5.04,7.38,6.21,0.0,0.024793388429752067,0.0070463687372702985,0.88
49,Final Fantasy X-2,playstation-3,0,0,30.26,46.75,38.505,0.0,0.0,0.0436908902139441,0.87
428,Liberated,pc,0,3,3.3,3.96,3.63,0.0,0.024793388429752067,0.00411889187057829,0.83
470,Beasts of Maravilla Island,pc,0,3,2.02,2.7,2.3600000000000003,0.0,0.024793388429752067,0.0026778470563539303,0.8
426,Secret Files: Sam Peters,pc,0,3,2.34,2.72,2.5300000000000002,0.0,0.024793388429752067,0.0028707428188878997,0.8
270,Psychonauts in the Rhombus of Ruin,pc,0,3,2.07,2.31,2.19,0.0,0.024793388429752067,0.00248495129381996,0.79
289,THOTH,pc,0,3,1.53,2.63,2.08,0.0,0.024793388429752067,0.0023601363886509214,0.79
302,The Elder Scrolls: Arena,pc,0,0,22.91,45.33,34.12,0.0,0.0,0.038715314221523765,0.77
391,Train Sim World 2,pc,0,3,0.0,0.0,0.0,0.0,0.024793388429752067,0.0,0.74
344,DOOM 64,pc,0,3,0.0,0.0,0.0,0.0,0.024793388429752067,0.0,0.74
404,Tyranny - Gold Edition,pc,0,0,23.97,38.91,31.439999999999998,0.0,0.0,0.035674369259223536,0.71
72,Kingdom Hearts 358/2 Days,ds,0,0,26.71,33.77,30.240000000000002,0.0,0.0,0.034312752111924937,0.69
228,Costume Quest,pc,0,2,5.53,6.39,5.96,0.0,0.01652892561983471,0.006762698498249755,0.63
486,10 Second Ninja X,pc,0,2,2.45,7.06,4.755,0.0,0.01652892561983471,0.005395407946170736,0.6
272,Receiver,pc,0,2,3.52,4.84,4.18,0.0,0.01652892561983471,0.0047429663964234856,0.59
239,Gang Beasts,pc,0,2,2.25,5.17,3.71,0.0,0.01652892561983471,0.004209666347064865,0.58
241,GNOG,pc,0,2,1.82,1.87,1.8450000000000002,0.0,0.01652892561983471,0.0020934863639716105,0.54
251,KIDS,pc,0,2,0.37,0.41,0.39,0.0,0.01652892561983471,0.00044252557287204774,0.5
361,Shadow of the Tomb Raider: Definitive Edition,pc,0,0,13.2,28.42,20.810000000000002,0.0,0.0,0.023612710696070037,0.47
262,Mountain,pc,0,1,5.65,13.23,9.440000000000001,0.0,0.008264462809917356,0.010711388225415721,0.46
301,OpenTTD,pc,0,0,11.68,26.38,19.03,0.0,0.0,0.021592978594243768,0.43
45,Final Fantasy,NES,0,0,16.75,21.51,19.130000000000003,0.0,0.0,0.021706446689851985,0.43
385,Yooka-Laylee,pc,0,0,15.25,20.54,17.895,0.0,0.0,0.020305115709090497,0.41
4,Assassin's Creed,pc,0,0,14.98,19.98,17.48,0.0,0.0,0.019834223112316397,0.4
446,Unmemory,pc,0,1,3.86,4.81,4.335,0.0,0.008264462809917356,0.004918841944616223,0.35
488,Bang Bang Racing,pc,0,1,2.95,3.32,3.135,0.0,0.008264462809917356,0.003557224797317614,0.32
483,Manual Samuel,pc,0,1,2.07,3.14,2.605,0.0,0.008264462809917356,0.0029558438905940626,0.31
400,The First Tree,pc,0,1,1.84,1.98,1.9100000000000001,0.0,0.008264462809917356,0.0021672406261169517,0.29
165,Super Mario All-Stars,wii,0,0,10.31,14.6,12.455,0.0,0.0,0.014132451308003472,0.28
292,Uplink,pc,0,0,8.24,16.02,12.129999999999999,0.0,0.0,0.013763679997276766,0.28
465,Castle on the Coast,pc,0,1,2.58,0.0,1.29,0.0,0.008264462809917356,0.001463738433346004,0.28
55,Gran Turismo Concept 2002 Tokyo-Geneva,playstation-2,0,0,4.0,19.58,11.79,0.0,0.0,0.013377888472208827,0.27
197,The Simpsons Hit & Run,gamecube,0,0,10.02,13.49,11.754999999999999,0.0,0.0,0.01333817463874595,0.27
142,Resident Evil Zero,gamecube,0,0,11.51,11.95,11.73,0.0,0.0,0.013309807614843898,0.27
339,The Captain,pc,0,0,8.15,15.22,11.685,0.0,0.0,0.013258746971820199,0.27
226,Brütal Legend,pc,0,0,9.16,13.74,11.45,0.0,0.0,0.012992096947140888,0.26
204,Uncharted 2: Among Thieves,playstation-4,0,0,10.53,12.32,11.425,0.0,0.0,0.012963729923238835,0.26
491,Across the Grooves,pc,0,1,0.0,0.0,0.0,0.0,0.008264462809917356,0.0,0.25
216,Zelda II: The Adventure of Link,NES,0,0,10.84,10.94,10.89,0.0,0.0,0.012356675611734872,0.25
61,Horizon Zero Dawn Complete Edition,playstation-4,0,1,0.0,0.0,0.0,0.0,0.008264462809917356,0.0,0.25
58,Grim Fandango,switch,0,0,10.78,11.36,11.07,0.0,0.0,0.012560918183829662,0.25
223,BIT.TRIP RUNNER,pc,0,1,0.0,0.0,0.0,0.0,0.008264462809917356,0.0,0.25
60,Horizon Zero Dawn Complete Edition,playstation-4,0,1,0.0,0.0,0.0,0.0,0.008264462809917356,0.0,0.25
474,Fishing North Atlantic,pc,0,1,0.0,0.0,0.0,0.0,0.008264462809917356,0.0,0.25
263,Multiwinia,pc,0,0,2.67,17.5,10.085,0.0,0.0,0.011443257442088722,0.23
206,Uncharted 3: Drake's Deception,playstation-4,0,0,9.1,10.66,9.879999999999999,0.0,0.0,0.011210647846091874,0.22
15,Castlevania: Symphony of the Night,playstation-3,0,0,8.38,11.36,9.870000000000001,0.0,0.0,0.011199301036531056,0.22
454,Indiana Jones and the Fate of Atlantis,pc,0,0,8.1,9.76,8.93,0.0,0.0,0.01013270093781381,0.2
315,Syndicate Wars,pc,0,0,17.36,0.0,8.68,0.0,0.0,0.009849030698793266,0.2
210,Uncharted: Drake's Fortune,playstation-4,0,0,8.11,9.66,8.885,0.0,0.0,0.010081640294790114,0.2
371,while True: learn(),pc,0,0,7.41,9.11,8.26,0.0,0.0,0.009372464697238753,0.19
185,The Legend of Zelda,NES,0,0,8.09,8.48,8.285,0.0,0.0,0.009400831721140809,0.19
331,Tyrian 2000,pc,0,0,7.3,9.21,8.255,0.0,0.0,0.009366791292458345,0.19
341,Hundred Days - Winemaking Simulator,pc,0,0,2.82,13.93,8.375,0.0,0.0,0.009502953007188205,0.19
433,Red Wings: Aces of the Sky,pc,0,0,4.72,10.1,7.41,0.0,0.0,0.008407985884568907,0.17
158,StarTropics,NES,0,0,6.3,7.43,6.865,0.0,0.0,0.007789584763504122,0.16
59,Harry Potter and the Philosopher's Stone,GBC,0,0,6.14,7.92,7.029999999999999,0.0,0.0,0.00797680712125768,0.16
463,The Dig,pc,0,0,6.85,7.61,7.23,0.0,0.0,0.008203743312474115,0.16
91,Metroid,NES,0,0,6.27,6.72,6.494999999999999,0.0,0.0,0.0073697528097537175,0.15
471,Zak McKracken and the Alien Mindbenders,pc,0,0,5.5,7.67,6.585,0.0,0.0,0.0074718740958011134,0.15
27,Donkey Kong,NES,0,0,6.05,6.3,6.175,0.0,0.0,0.007006654903807422,0.14
202,Tomb Raider,playstation-4,0,0,12.58,0.0,6.29,0.0,0.0,0.007137143213756873,0.14
329,Beneath a Steel Sky,pc,0,0,5.83,6.33,6.08,0.0,0.0,0.006898860212979616,0.14
477,Clouds & Sheep 2,pc,0,0,6.0,6.0,6.0,0.0,0.0,0.006808085736493042,0.14
443,Sam & Max Hit the Road,pc,0,0,5.26,5.9,5.58,0.0,0.0,0.006331519734938529,0.13
168,Super Mario Bros. 3,NES,0,0,4.91,6.11,5.51,0.0,0.0,0.006252092068012777,0.13
244,Half-Life 2: Deathmatch,pc,0,0,2.78,7.94,5.36,0.0,0.0,0.006081889924600451,0.12
246,Hammerfight,pc,0,0,4.14,5.59,4.865,0.0,0.0,0.005520222851339775,0.11
14,Castlevania II: Simon's Quest,NES,0,0,4.18,4.29,4.234999999999999,0.0,0.0,0.0048053738490080045,0.1
13,Castlevania,NES,0,0,3.03,4.87,3.95,0.0,0.0,0.004481989776524586,0.09
77,Kirby's Adventure,NES,0,0,3.55,4.1,3.8249999999999997,0.0,0.0,0.004340154657014314,0.09
67,Kid Icarus,NES,0,0,3.81,4.26,4.035,0.0,0.0,0.004578437657791571,0.09
476,Maniac Mansion,pc,0,0,3.03,5.1,4.0649999999999995,0.0,0.0,0.004612478086474035,0.09
328,Lure of the Temptress,pc,0,0,3.07,4.16,3.615,0.0,0.0,0.004101871656237058,0.08
436,Tiny Robots Recharged,pc,0,0,3.01,3.5,3.255,0.0,0.0,0.003693386512047475,0.07
460,Loom,pc,0,0,2.97,3.1,3.035,0.0,0.0,0.0034437567017093973,0.07
330,Teenagent,pc,0,0,2.89,2.92,2.9050000000000002,0.0,0.0,0.0032962481774187146,0.07
336,Rising Hell,pc,0,0,1.82,4.73,3.2750000000000004,0.0,0.0,0.003716080131169119,0.07
167,Super Mario Bros. 2,NES,0,0,2.99,3.33,3.16,0.0,0.0,0.003585591821219669,0.07
10,Bubble Bobble,NES,0,0,2.78,2.98,2.88,0.0,0.0,0.00326788115351666,0.07
90,Mega Man 2,NES,0,0,2.88,2.93,2.9050000000000002,0.0,0.0,0.0032962481774187146,0.07
30,Dr. Mario,NES,0,0,2.49,3.1,2.795,0.0,0.0,0.0031714332722496755,0.06
62,Ice Climber,NES,0,0,2.25,3.28,2.7649999999999997,0.0,0.0,0.0031373928435672097,0.06
429,Demon Hunter 2: New Chapter,pc,0,0,2.6,2.66,2.63,0.0,0.0,0.0029842109144961166,0.06
233,DEFCON,pc,0,0,1.26,3.6,2.43,0.0,0.0,0.0027572747232796823,0.06
427,BAFL - Brakes Are For Losers,pc,0,0,0.55,4.25,2.4,0.0,0.0,0.0027232342945972166,0.05
176,Tecmo Bowl,NES,0,0,4.08,0.0,2.04,0.0,0.0,0.0023147491504076343,0.05
278,Spacebase DF-9,pc,0,0,4.0,0.0,2.0,0.0,0.0,0.002269361912164347,0.05
166,Super Mario Bros.,NES,0,0,1.81,2.2,2.005,0.0,0.0,0.002275035316944758,0.05
54,Gradius,NES,0,0,1.07,2.03,1.5499999999999998,0.0,0.0,0.001758755481927369,0.04
106,Pac-Man,NES,0,0,0.74,2.66,1.7000000000000002,0.0,0.0,0.0019289576253396954,0.04
29,Double Dragon II: The Revenge,NES,0,0,1.09,1.7,1.395,0.0,0.0,0.0015828799337346323,0.03
51,Galaga,NES,0,0,0.9,2.13,1.515,0.0,0.0,0.001719041648464493,0.03
255,Lugaru HD,pc,0,0,0.3,2.0,1.15,0.0,0.0,0.0013048830994944996,0.03
170,Super Mario Land,GB,0,0,1.09,1.34,1.215,0.0,0.0,0.0013786373616398412,0.03
374,KID A MNESIA EXHIBITION,pc,0,0,0.91,1.54,1.225,0.0,0.0,0.0013899841712006627,0.03
36,Excitebike,NES,0,0,0.84,1.68,1.26,0.0,0.0,0.0014296980046635387,0.03
464,Defend the Rook,pc,0,0,1.5,0.0,0.75,0.0,0.0,0.0008510107170616303,0.02
78,Kirby's Dream Land,GB,0,0,0.77,1.05,0.91,0.0,0.0,0.001032559670034778,0.02
7,Balloon Fight,NES,0,0,0.66,1.2,0.9299999999999999,0.0,0.0,0.0010552532891564214,0.02
79,Mario Bros.,NES,0,0,0.84,1.14,0.99,0.0,0.0,0.0011233341465213518,0.02
274,Samorost 2,pc,0,0,1.05,1.1,1.0750000000000002,0.0,0.0,0.001219782027788337,0.02
148,Spider-Man,playstation-4,0,0,1.5,0.0,0.75,0.0,0.0,0.0008510107170616303,0.02
103,Ninja Gaiden,NES,0,0,0.61,0.0,0.305,0.0,0.0,0.00034607769160506296,0.01
232,Dear Leader Prototype,pc,0,0,0.62,0.0,0.31,0.0,0.0,0.00035175109638547385,0.01
28,Donkey Kong Jr.,NES,0,0,0.26,0.39,0.325,0.0,0.0,0.00036877131072670646,0.01
65,International Superstar Soccer 2,gamecube,0,0,0.73,0.0,0.365,0.0,0.0,0.00041415854896999335,0.01
245,Half-Life 2: Lost Coast,pc,0,0,0.39,0.45,0.42000000000000004,0.0,0.0,0.00047656600155451296,0.01
161,Super Contra,NES,0,0,1.06,0.0,0.53,0.0,0.0,0.000601380906723552,0.01
506,Golazo! Soccer League,pc,0,0,1.16,0.0,0.58,0.0,0.0,0.0006581149545276607,0.01
279,Spacebase DF-9 Prototype,pc,0,0,1.18,0.0,0.59,0.0,0.0,0.0006694617640884825,0.01
261,Mnemonic Prototype,pc,0,0,0.41,0.0,0.205,0.0,0.0,0.0002326095959968456,0.0
37,F1 Race,GB,0,0,0.33,0.0,0.165,0.0,0.0,0.00018722235775355867,0.0
178,Tetris,GB,0,0,0.3,0.0,0.15,0.0,0.0,0.00017020214341232604,0.0
434,Wallace & Gromit: The Last Resort,pc,0,0,0.0,0.0,0.0,0.0,0.0,0.0,0.0
115,Pokemon Crystal,3ds,0,0,0.0,0.0,0.0,0.0,0.0,0.0,0.0
189,The Legend of Zelda Link's Awakening DX,GBC,0,0,0.0,0.0,0.0,0.0,0.0,0.0,0.0
149,Spider-Man Miles Morales,playstation-4,0,0,0.0,0.0,0.0,0.0,0.0,0.0,0.0
175,Tales of Monkey Island Collectors Edition,pc,0,0,0.0,0.0,0.0,0.0,0.0,0.0,0.0
118,Pokemon Yellow,GB,0,0,0.0,0.0,0.0,0.0,0.0,0.0,0.0
109,Persona 4,playstation-2,0,0,0.0,0.0,0.0,0.0,0.0,0.0,0.0
119,Pokemon Leaf Green Version,game-boy-advance,0,0,0.0,0.0,0.0,0.0,0.0,0.0,0.0
84,Mario Kart Super Circut,game-boy-advance,0,0,0.0,0.0,0.0,0.0,0.0,0.0,0.0
124,Pokemon Stadium,nintendo-64,0,0,0.0,0.0,0.0,0.0,0.0,0.0,0.0
86,Medal Of Honor Allied Assault War Chest,pc,0,0,0.0,0.0,0.0,0.0,0.0,0.0,0.0
125,Pokemon Stadium,nintendo-64,0,0,0.0,0.0,0.0,0.0,0.0,0.0,0.0
97,Monster Hunter 3,3ds,0,0,0.0,0.0,0.0,0.0,0.0,0.0,0.0
509,Paper Beast: Folded Edition,pc,0,0,0.0,0.0,0.0,0.0,0.0,0.0,0.0
108,Persona 3,playstation-3,0,0,0.0,0.0,0.0,0.0,0.0,0.0,0.0
500,Mail Mole + Xpress Deliveries,pc,0,0,0.0,0.0,0.0,0.0,0.0,0.0,0.0
524,Plants vs. Zombies Game of the Year Edition,pc,0,0,0.0,0.0,0.0,0.0,0.0,0.0,0.0
497,Shattered: Tale of the Forgotten King,pc,0,0,0.0,0.0,0.0,0.0,0.0,0.0,0.0
122,Pokemon Red,GB,0,0,0.0,0.0,0.0,0.0,0.0,0.0,0.0
110,Persona 4,playstation-2,0,0,0.0,0.0,0.0,0.0,0.0,0.0,0.0
68,King of the Zoo,GB,0,0,0.0,0.0,0.0,0.0,0.0,0.0,0.0
310,Disco Elysium – The Final Cut,pc,0,0,0.0,0.0,0.0,0.0,0.0,0.0,0.0
64,Injustice,wii-u,0,0,0.0,0.0,0.0,0.0,0.0,0.0,0.0
104,NintendoLand,wii-u,0,0,0.0,0.0,0.0,0.0,0.0,0.0,0.0
490,Gone Viral,pc,0,0,0.0,0.0,0.0,0.0,0.0,0.0,0.0
136,Punch-Out!! Featuring Mr. Dream,NES,0,0,0.0,0.0,0.0,0.0,0.0,0.0,0.0
153,Star Wars Shadows of the Empire,nintendo-64,0,0,0.0,0.0,0.0,0.0,0.0,0.0,0.0
511,WRC 7 FIA World Rally Championship,pc,0,0,0.0,0.0,0.0,0.0,0.0,0.0,0.0
360,Tomb Raider GAME OF THE YEAR EDITION,pc,0,0,0.0,0.0,0.0,0.0,0.0,0.0,0.0
156,Start Wars The Force Unleashed,playstation-3,0,0,0.0,0.0,0.0,0.0,0.0,0.0,0.0
141,Resident Evil VII,playstation-4,0,0,0.0,0.0,0.0,0.0,0.0,0.0,0.0
517,Peggle,pc,0,0,0.0,0.0,0.0,0.0,0.0,0.0,0.0
481,The Metronomicon: Slay The Dance Floor,pc,0,0,0.0,0.0,0.0,0.0,0.0,0.0,0.0
157,Start Wars The Force Unleashed II,playstation-3,0,0,0.0,0.0,0.0,0.0,0.0,0.0,0.0
159,Street Fighter IV 3D Edition,3ds,0,0,0.0,0.0,0.0,0.0,0.0,0.0,0.0
137,Ratchet and Clank,playstation-4,0,0,0.0,0.0,0.0,0.0,0.0,0.0,0.0
83,Mario Kart Double Dash,gamecube,0,0,0.0,0.0,0.0,0.0,0.0,0.0,0.0
297,Middle-earth: Shadow of War,pc,0,0,0.0,0.0,0.0,0.0,0.0,0.0,0.0
308,X-Morph: Defense Complete Edition,pc,0,0,0.0,0.0,0.0,0.0,0.0,0.0,0.0
180,The Elder Scrolls V Skyrim Legendary Edition,playstation-3,0,0,0.0,0.0,0.0,0.0,0.0,0.0,0.0
52,Ghosts 'n Goblins,NES,0,0,0.0,0.0,0.0,0.0,0.0,0.0,0.0
257,Magic Duels,pc,0,0,0.0,0.0,0.0,0.0,0.0,0.0,0.0
1,Alien Isolation,playstation-3,0,0,0.0,0.0,0.0,0.0,0.0,0.0,0.0
280,Speedball 2: Tournament,pc,0,0,0.0,0.0,0.0,0.0,0.0,0.0,0.0
151,Star Wars Episode I Racer,nintendo-64,0,0,0.0,0.0,0.0,0.0,0.0,0.0,0.0
298,Middle-earth: Shadow of Mordor Game of the Year Edition,pc,0,0,0.0,0.0,0.0,0.0,0.0,0.0,0.0
299,Ultima 4: Quest of the Avatar,pc,0,0,0.0,0.0,0.0,0.0,0.0,0.0,0.0
300,Ultima Worlds of Adventure 2: Martian Dreams,pc,0,0,0.0,0.0,0.0,0.0,0.0,0.0,0.0
489,Road Trip,pc,0,0,0.0,0.0,0.0,0.0,0.0,0.0,0.0
309,I Have No Mouth And I Must Scream,pc,0,0,0.0,0.0,0.0,0.0,0.0,0.0,0.0
410,Tales of Monkey Island: Chapter 5,pc,0,0,0.0,0.0,0.0,0.0,0.0,0.0,0.0
376,Tiny Tina's Assault on Dragon Keep: A Wonderla...,pc,0,0,0.0,0.0,0.0,0.0,0.0,0.0,0.0
327,Fallout Classic,pc,0,0,0.0,0.0,0.0,0.0,0.0,0.0,0.0
317,Ultima Underworld II,pc,0,0,0.0,0.0,0.0,0.0,0.0,0.0,0.0
320,Divinity Original Sin 2 – Definitive Edition,pc,0,0,0.0,0.0,0.0,0.0,0.0,0.0,0.0
16,Colin McRae Dirt,playstation-3,0,0,0.0,0.0,0.0,0.0,0.0,0.0,0.0
321,Divinity Original Sin – Enhanced Edition,pc,0,0,0.0,0.0,0.0,0.0,0.0,0.0,0.0
380,Paladins Epic Pack,pc,0,0,0.0,0.0,0.0,0.0,0.0,0.0,0.0
323,The Witcher 2: Assassins of Kings Enhanced Edition,pc,0,0,0.0,0.0,0.0,0.0,0.0,0.0,0.0
378,Among the Sleep - Enhanced Edition,pc,0,0,0.0,0.0,0.0,0.0,0.0,0.0,0.0
325,Dungeon Keeper Gold,pc,0,0,0.0,0.0,0.0,0.0,0.0,0.0,0.0
373,Never Alone (Kisima Ingitchuna),pc,0,0,0.0,0.0,0.0,0.0,0.0,0.0,0.0
44,Fifa Football 2005,gamecube,0,0,0.0,0.0,0.0,0.0,0.0,0.0,0.0
190,The Legend of Zelda Majora's Mask,wii-u,0,0,0.0,0.0,0.0,0.0,0.0,0.0,0.0
370,Godfall Challenger Edition,pc,0,0,0.0,0.0,0.0,0.0,0.0,0.0,0.0
367,Pathfinder: Kingmaker - Enhanced Plus Edition,pc,0,0,0.0,0.0,0.0,0.0,0.0,0.0,0.0
351,Hood: Outlaws & Legends,pc,0,0,0.0,0.0,0.0,0.0,0.0,0.0,0.0
352,Geneforge 1 - Mutagen,pc,0,0,0.0,0.0,0.0,0.0,0.0,0.0,0.0
405,Pillars of Eternity - Definitive Edition,pc,0,0,0.0,0.0,0.0,0.0,0.0,0.0,0.0
254,Little Pink Best Buds Prototype,pc,0,0,0.0,0.0,0.0,0.0,0.0,0.0,0.0
252,Kiln Prototype,pc,0,0,0.0,0.0,0.0,0.0,0.0,0.0,0.0
439,Wallace & Gromit: Muzzled!,pc,0,0,0.0,0.0,0.0,0.0,0.0,0.0,0.0
192,The Legend of Zelda Ocarina of Time,gamecube,0,0,0.0,0.0,0.0,0.0,0.0,0.0,0.0
43,Fifa Footbal,game-boy-advance,0,0,0.0,0.0,0.0,0.0,0.0,0.0,0.0
314,Syndicate Plus,pc,0,0,0.0,0.0,0.0,0.0,0.0,0.0,0.0
214,WWF King of the Ring,GB,0,0,0.29,0.0,0.145,0.0,0.0,0.00016452873863191517,0.0
316,Ultima Underworld I,pc,0,0,0.0,0.0,0.0,0.0,0.0,0.0,0.0
42,Fifa 11,wii,0,0,0.0,0.0,0.0,0.0,0.0,0.0,0.0
198,The Witcher 3 Wild Hunt Complete Collection,switch,0,0,0.0,0.0,0.0,0.0,0.0,0.0,0.0
41,Fifa 11,playstation-3,0,0,0.0,0.0,0.0,0.0,0.0,0.0,0.0
40,Fifa 08,playstation-2,0,0,0.0,0.0,0.0,0.0,0.0,0.0,0.0
354,A Game Of Thrones: The Board Game Digital Edit...,pc,0,0,0.0,0.0,0.0,0.0,0.0,0.0,0.0
441,Whiskey & Zombies: Great Southern Zombie Escape,pc,0,0,0.0,0.0,0.0,0.0,0.0,0.0,0.0
440,Wallace & Gromit: The Bogey Man,pc,0,0,0.0,0.0,0.0,0.0,0.0,0.0,0.0
33,Dragon Quest XI S: Echoes of an Elusive Age Definitive Edition,switch,0,0,0.0,0.0,0.0,0.0,0.0,0.0,0.0
435,Song of Horror Complete Edition,pc,0,0,0.0,0.0,0.0,0.0,0.0,0.0,0.0
250,Jamestown,pc,0,0,0.0,0.0,0.0,0.0,0.0,0.0,0.0
432,Wallace & Gromit: Fright of the Bumblebees,pc,0,0,0.0,0.0,0.0,0.0,0.0,0.0,0.0
32,Dragon Quest VIII,3ds,0,0,0.0,0.0,0.0,0.0,0.0,0.0,0.0
31,Dragon Quest VII,3ds,0,0,0.0,0.0,0.0,0.0,0.0,0.0,0.0
213,World Of Warcraft Burning Crusade,pc,0,0,0.0,0.0,0.0,0.0,0.0,0.0,0.0
420,Frostpunk game,pc,0,0,0.0,0.0,0.0,0.0,0.0,0.0,0.0
416,Tales of Monkey Island: Chapter 4,pc,0,0,0.0,0.0,0.0,0.0,0.0,0.0,0.0
415,Tales of Monkey Island: Chapter 3,pc,0,0,0.0,0.0,0.0,0.0,0.0,0.0,0.0
414,Tales of Monkey Island: Chapter 2,pc,0,0,0.0,0.0,0.0,0.0,0.0,0.0,0.0
413,Tales of Monkey Island: Chapter 1,pc,0,0,0.0,0.0,0.0,0.0,0.0,0.0,0.0
307,The Witcher 3 Wild Hunt – Game of the Year Edition,pc,0,0,0.0,0.0,0.0,0.0,0.0,0.0,0.0
